{"json_bars":[{"startTime":0,"length":0,"json_notes":[{"position":{"x":-1.687088131904602,"y":3.726702928543091},"spawn_time":0,"press_time":0,"note_type":-1},{"position":{"x":-1.687088131904602,"y":3.726702928543091},"spawn_time":496,"press_time":992,"note_type":-1},{"position":{"x":-1.687088131904602,"y":3.726702928543091},"spawn_time":996,"press_time":1992,"note_type":-1},{"position":{"x":-1.687088131904602,"y":3.726702928543091},"spawn_time":1487,"press_time":2975,"note_type":-1}]}]}