{"music_file_name":"桃色景色にはじめましてっ！_2","json_bars":[{"startTime":0,"length":0,"json_notes":[]},{"startTime":1165,"length":1165,"json_notes":[{"position":{"x":-0.8573288321495056,"y":2.7289609909057619},"spawn_time":240,"press_time":1405,"note_type":1},{"position":{"x":1.2195795774459839,"y":1.2558048963546754},"spawn_time":831,"press_time":1996,"note_type":1}]}]}